1stFlrSF,BsmtFinSF1,GarageArea,GrLivArea,KitchenQual,OverallQual,TotalBsmtSF,YearBuilt,YearRemodAdd
1828,48,774,1828,Gd,9,1822,2007,2007
894,0,308,894,TA,5,894,1962,1962
964,713,432,964,TA,5,876,1921,2006
1689,1218,857,1689,Gd,8,1568,2002,2002
1541,0,843,1541,Gd,7,1541,2001,2002
1221,410,400,1221,Gd,7,1221,2004,2005
1324,643,440,1324,TA,6,1088,1965,1965
696,604,484,1416,Gd,7,696,1999,1999
526,462,297,988,TA,4,462,1973,1973
869,375,440,1218,TA,6,735,1941,1950
760,0,397,1656,Gd,7,746,2003,2004
1362,20,460,1362,Gd,6,1362,2005,2006
1051,0,442,1839,TA,6,756,1966,1966
1375,0,451,1375,TA,6,1367,1954,1954
1122,144,528,1122,Gd,5,924,1948,2005
1432,680,588,1432,Gd,5,1360,1978,1978
728,0,400,1456,Gd,7,728,2007,2007
1217,611,497,1217,Gd,7,1188,1990,1991
1040,0,625,1040,TA,5,0,1950,1950
612,294,528,1224,Gd,6,612,2009,2009
1022,0,468,1774,TA,7,952,1931,1950
961,241,384,1367,TA,5,861,1900,1950
803,0,297,1360,Gd,5,803,1938,1995
848,697,420,848,Gd,6,848,2004,2004
1482,871,749,2262,Gd,8,1482,2003,2003
1220,836,396,1220,TA,4,836,1951,1951
1414,0,398,1414,Gd,7,1375,2004,2004
1134,319,396,2058,TA,6,735,1917,1950
1088,0,0,1198,TA,6,901,1920,1998
1659,1158,499,1659,Ex,8,1501,2000,2000
1012,0,308,1012,TA,6,1012,1920,1950
1687,523,672,3082,TA,7,824,1920,1970
1032,0,672,1812,Gd,5,360,1900,1996
1057,738,650,1929,Gd,7,1057,2001,2001
954,483,576,954,TA,5,911,1976,1976
1838,1260,765,1838,Ex,9,1838,2006,2006
1640,728,924,1640,Gd,6,1296,1954,2006
1148,1148,672,1148,TA,5,1148,1959,1959
950,412,280,950,TA,5,950,1971,1971
1065,380,471,1911,Gd,8,777,1993,1994
915,300,440,1635,TA,6,1065,1923,1950
1316,0,440,1316,Gd,7,1316,2007,2007
1442,0,615,1442,TA,6,1442,1970,1970
1078,734,500,1078,TA,5,1078,1971,2008
1120,932,544,1120,Fa,4,1040,1961,1961
779,353,527,1419,Gd,8,408,2002,2002
707,0,240,1389,TA,7,651,1946,1992
1063,354,280,1063,TA,5,1056,1954,1954
1792,1567,874,1792,Ex,9,1792,2003,2004
1216,897,402,1216,TA,6,1216,1998,1998
998,0,576,1762,Gd,7,596,1920,1950
847,0,434,1959,Gd,7,847,2004,2005
1208,767,546,1208,TA,6,1208,1977,1977
874,460,315,1524,TA,5,874,1958,1958
796,735,240,1154,Gd,4,796,1922,2007
1048,0,420,1048,TA,5,0,1950,1950
886,0,273,886,TA,5,190,1938,1996
943,943,600,943,TA,5,943,1979,1979
866,400,603,1768,Gd,7,866,2005,2005
1422,0,779,2599,Gd,9,1393,1999,1999
912,456,275,912,TA,5,912,1958,1958
882,0,308,882,TA,5,0,1956,1956
1337,266,511,1337,Gd,6,1405,1998,1999
2076,1386,850,2076,Ex,10,2076,2006,2006
1328,56,752,2531,Gd,8,1318,1995,1995
981,569,240,1768,Gd,5,731,1937,1950
1625,1573,538,1625,Gd,8,1573,2006,2007
1444,697,389,2144,Gd,6,1444,1958,2006
1521,0,880,2775,Gd,10,1237,1893,2000
1140,0,477,1868,TA,6,585,1984,2003
1525,1400,541,1525,Gd,7,1525,2000,2000
1571,0,722,1571,Gd,8,1571,2007,2007
796,0,0,796,TA,5,796,1910,1950
1378,0,432,2372,TA,5,994,1892,1965
802,0,402,1472,Gd,7,384,1991,1992
960,648,364,960,TA,4,648,1965,2001
734,0,372,1838,TA,5,732,2005,2005
1309,663,484,1309,Gd,6,1040,1974,1999
2069,0,694,2643,Ex,9,2153,2006,2006
676,0,200,1131,TA,5,676,1941,1950
960,0,400,1960,TA,5,960,1952,1952
1144,25,336,1144,TA,5,1144,1963,1963
1056,1056,576,1056,TA,6,1056,1980,1980
693,0,0,693,Fa,4,693,1941,1950
1494,1200,576,1494,Gd,6,1479,1997,1997
1646,1373,482,1646,Gd,8,1594,2004,2005
864,390,352,864,TA,5,864,1972,1972
1566,1078,750,1566,Gd,8,1566,2008,2008
735,593,497,1395,TA,6,723,1972,1972
848,152,539,1208,TA,4,780,1925,1950
939,0,180,1513,TA,5,939,1920,2004
959,425,560,1367,TA,6,884,1931,1950
955,763,386,955,TA,5,955,1966,1966
1077,0,210,1077,TA,3,1007,1922,1950
1056,1056,572,1056,TA,5,1056,1955,1955
756,0,615,1553,Gd,7,756,2005,2006
1614,20,865,1614,Gd,7,1614,2005,2006
2042,0,1390,2042,Ex,8,2042,2008,2009
1073,0,326,1073,TA,5,1073,1921,1968
1072,336,240,1285,TA,5,672,1948,2001
2117,865,550,2117,TA,6,1205,1970,1970
605,348,0,605,TA,4,528,1920,2002
1150,179,300,1150,TA,5,1150,1959,1959
728,0,400,1456,Gd,6,728,2005,2005
999,867,588,999,Ex,7,944,1961,2007
750,0,564,1500,Gd,6,750,2005,2006
1336,841,375,1336,TA,5,1165,1953,1953
864,759,398,1593,TA,6,839,2004,2004
1130,936,836,2184,Ex,9,1104,2008,2008
1560,0,573,1560,Gd,7,1560,2003,2003
888,386,312,1644,Gd,5,728,1942,1995
630,515,286,630,Gd,4,630,1970,2002
1113,751,504,1113,TA,6,1143,1976,1976
1071,0,947,2172,Gd,7,1063,2006,2006
796,0,384,1346,TA,4,560,1910,2000
1184,64,550,2610,Ex,8,1184,2007,2007
1026,0,936,1958,Gd,7,1026,2005,2005
1468,0,898,1468,Gd,8,1468,2008,2009
1302,0,539,1734,Gd,5,0,1977,1977
768,352,240,1200,TA,5,768,1946,1995
1112,812,438,1550,Gd,7,1092,2006,2007
954,0,440,2230,TA,4,795,1912,1950
1166,0,240,1639,TA,6,1064,1936,1950
864,521,624,864,TA,5,864,1958,1958
1621,213,440,1621,Gd,7,1208,1984,1998
483,162,264,987,Gd,6,483,1972,2007
1238,965,628,2519,Gd,7,1210,1989,1990
765,765,440,1365,TA,5,765,1970,1970
1149,0,779,2290,Gd,8,1128,2002,2002
1249,0,840,2596,Gd,9,1249,2006,2006
907,288,352,907,TA,4,907,1957,1957
855,566,440,1456,TA,6,855,1976,1976
1190,803,540,1190,TA,5,1106,1962,1962
858,322,684,858,TA,4,858,1971,1971
2223,1880,516,2223,TA,7,2223,1973,1973
1005,0,672,1005,Fa,4,1005,1955,1955
1086,0,409,1895,Gd,7,712,1994,1996
1040,906,384,1040,TA,5,1040,1965,1965
1264,697,461,1264,TA,5,1268,1960,1960
874,0,578,1761,Gd,7,874,2007,2007
1034,539,888,1034,TA,6,1012,1976,1976
1363,226,439,1363,TA,7,1385,1954,2005
1689,0,480,1689,TA,6,1436,1956,1956
2113,1696,839,2113,Gd,8,2109,1995,1995
1573,788,544,1573,Gd,7,1573,2002,2002
2364,2188,820,2364,Ex,9,2330,2009,2010
1057,739,645,2034,Gd,7,1057,1997,1998
1291,1003,431,1291,Gd,6,1291,1996,1997
858,696,0,858,TA,5,858,1958,2008
698,204,280,1258,TA,6,560,1939,1950
438,290,246,438,Fa,2,290,1920,1950
672,209,440,1400,TA,6,672,1978,1978
954,0,240,954,Fa,5,920,1938,1950
1445,564,645,1445,TA,6,1127,1964,1964
1072,459,525,1072,TA,6,547,2005,2005
1664,0,0,1664,TA,5,0,1965,1965
1445,0,441,2134,Gd,6,844,1916,1994
1940,428,380,3194,TA,8,965,1934,1998
912,0,0,1824,TA,6,912,1971,1971
888,742,422,1756,TA,6,872,1996,1997
912,595,576,912,Gd,5,912,1965,2008
1509,783,600,1509,Gd,6,1461,1988,1989
1160,264,216,1608,Gd,6,976,1925,1990
1316,28,397,1316,Gd,6,1316,2005,2006
1015,489,450,1015,TA,5,768,1925,1950
756,312,240,1134,TA,5,756,1940,1950
1636,63,865,1636,Gd,8,1623,2006,2006
660,0,400,1320,Gd,7,660,2003,2003
1160,249,538,2126,TA,5,1013,1967,1967
1128,776,525,1128,TA,5,1120,1963,1963
1306,860,756,1306,TA,5,992,1957,2000
798,0,0,1344,TA,4,546,1970,2008
1576,0,704,2554,TA,7,718,1890,1998
893,220,576,893,Gd,5,845,1949,2003
894,0,668,1933,Gd,6,894,2007,2007
672,356,264,1218,TA,6,672,1973,1973
1161,0,534,1969,TA,7,808,1977,1977
1220,1079,556,2090,Gd,8,1220,1995,1996
1484,998,487,1484,TA,5,1484,1971,1971
1656,0,506,1656,TA,5,1656,1973,1973
818,468,210,1224,TA,6,818,1926,2004
1022,695,390,2054,Gd,6,992,2000,2000
854,0,576,854,TA,7,832,1929,2001
546,334,286,1092,TA,4,546,1973,1973
1268,196,252,1268,Gd,5,1268,1977,1989
827,385,550,1661,Gd,7,799,1996,1996
1668,370,502,1668,Gd,8,1657,2003,2003
1493,994,508,1493,Gd,6,1478,1997,1998
932,0,306,932,Gd,6,932,1950,1950
1277,778,526,1277,TA,7,1277,1970,1970
1530,1300,630,1530,Gd,7,1530,2004,2004
1344,457,484,1344,TA,5,1024,1958,1983
860,672,528,860,TA,5,840,1982,1982
1314,904,626,1314,Gd,7,1314,2007,2008
1391,464,868,1962,Gd,7,1391,2006,2006
788,724,388,1490,Gd,7,788,2004,2005
848,662,420,848,Gd,6,848,2004,2004
672,0,240,672,TA,5,672,1940,1997
1188,275,252,2340,Gd,7,1152,1941,2006
808,0,180,1656,TA,5,660,1916,1987
725,626,484,1479,Gd,7,725,1972,2004
1226,0,740,1226,Gd,7,1226,2009,2009
976,568,444,2087,Gd,6,832,1966,2007
1158,941,576,1158,Gd,6,1158,2004,2004
1154,740,480,1154,TA,5,1154,1966,1966
880,0,527,1724,Gd,7,880,1998,1999
773,219,431,1658,TA,6,773,1995,1996
1126,0,520,1126,Gd,4,0,1949,2003
872,0,300,1393,TA,5,816,1955,1955
1968,192,1014,3447,Gd,8,728,1935,1997
483,309,264,987,TA,6,483,1973,1973
808,351,0,1355,TA,5,644,1940,1999
2069,425,505,2069,Gd,7,585,1960,2007
757,549,440,1501,TA,7,744,1999,1999
1976,1350,908,1976,Gd,8,1976,2006,2007
1563,33,758,1563,Gd,8,1563,2007,2007
572,0,288,1111,TA,7,572,1926,1950
851,0,270,1502,TA,7,776,1931,2000
1733,0,452,1733,TA,3,0,1955,1955
1848,1410,706,2728,Ex,9,1848,2005,2006
630,231,264,1302,TA,5,630,1972,1972
1332,1258,586,1524,Gd,7,1332,1979,1979
1120,0,680,1588,TA,4,0,1959,1959
1125,0,430,1125,TA,5,1125,2006,2007
520,0,480,1200,Gd,7,600,2005,2005
798,0,520,1640,Gd,6,798,2004,2004
1223,1000,525,2127,Gd,7,1223,1994,1994
972,680,240,972,TA,6,972,1948,2002
1142,584,466,2020,Gd,8,1128,1995,1995
1144,739,596,1144,TA,5,1144,1956,1956
1352,300,288,1352,Gd,5,1062,1958,1958
926,234,484,1316,TA,5,926,1929,2001
1086,956,592,1924,Gd,8,1086,1998,1998
1164,1040,240,1164,TA,5,1164,1950,1950
952,852,840,952,TA,5,952,1951,1951
938,259,0,2358,TA,8,684,1872,1987
1680,808,540,1680,Gd,6,880,1988,2007
1221,0,672,1912,TA,6,482,1905,2000
1004,578,480,1004,TA,6,1004,1970,1970
774,384,305,1230,TA,4,747,1946,1950
1167,645,495,1167,TA,5,915,1920,1950
1301,405,440,1301,Fa,5,1145,1924,1950
1453,1082,445,1453,Gd,7,1453,1986,1986
1601,1358,670,1601,Gd,8,1581,2001,2002
1588,0,825,1588,Gd,8,1588,2006,2006
1095,513,264,1095,TA,6,588,1958,1958
1050,915,368,1050,TA,5,1050,1961,1961
960,520,432,960,TA,4,960,1965,1965
1002,0,280,1456,TA,5,810,1948,1950
1489,0,462,1489,Gd,6,1489,1968,1968
1726,1126,786,1726,Ex,7,1726,2007,2007
1362,0,484,2082,Gd,7,1362,2003,2003
1339,1053,484,1339,TA,7,1309,1990,1990
1310,781,1069,2450,Gd,8,1284,1998,1998
879,0,660,1863,Gd,7,879,2006,2006
768,656,396,768,TA,5,768,1972,2007
334,0,0,334,Fa,1,0,1946,1950
1136,892,384,1136,TA,6,1136,1965,1965
1337,1201,405,1337,TA,6,1237,1998,1998
912,312,288,912,TA,5,912,1964,1964
876,540,264,1812,TA,5,864,1962,1962
1052,378,240,2192,Gd,5,720,1939,1997
658,0,0,1184,TA,5,658,1910,1996
964,0,308,1889,TA,7,925,1910,1950
1327,405,624,1327,Gd,5,1063,1959,2002
1422,588,576,1422,Gd,6,1422,1981,1981
1632,0,576,1632,TA,5,1632,1967,1967
1630,0,451,1630,Gd,7,1630,2000,2001
1013,0,0,1526,Fa,3,1013,1915,1982
1040,0,420,1040,TA,4,0,1949,1950
841,0,216,1647,Fa,6,806,1915,1950
1328,622,576,1981,Gd,4,1122,1928,1950
1644,1285,418,1644,TA,6,1416,1953,1953
1482,0,868,2574,Ex,8,1482,2007,2007
1060,0,520,1824,TA,6,764,1919,1950
1350,624,520,1350,TA,6,1248,1964,1964
958,958,440,958,TA,6,958,1976,1976
1053,0,370,1848,Gd,6,833,1923,2000
1620,1116,490,1620,TA,4,1281,1976,1993
1167,560,400,1167,Gd,6,1158,1992,1992
798,94,220,1487,TA,6,735,1945,1950
892,432,288,892,TA,5,892,1967,1967
804,510,240,804,Gd,5,788,1940,1992
1140,0,0,1140,TA,5,1140,2006,2006
983,400,483,1796,TA,6,780,1963,1963
1118,156,551,2030,Gd,6,848,1976,1976
1026,765,812,2007,Ex,10,1017,2008,2008
691,0,216,691,Ex,5,691,1920,1950
786,0,676,1590,Gd,8,768,2008,2008
1216,444,325,1855,TA,6,994,1954,1972
1028,0,442,1804,Gd,7,994,1999,1999
884,550,543,1768,Gd,7,884,2003,2003
1831,1387,807,3627,Gd,10,1930,1995,1996
1298,1258,403,1298,Gd,6,1298,1985,1985
1801,1247,484,1801,TA,7,1501,1959,1997
630,553,0,630,Ex,5,630,1970,1970
1103,397,440,1103,Gd,6,1103,1925,1980
859,0,384,1178,TA,4,859,1900,1950
1196,197,440,1196,TA,4,1196,1916,1990
1372,0,529,1372,Gd,7,1372,2007,2008
1431,371,296,1431,TA,6,1099,1962,1962
1422,0,626,1422,Gd,7,1422,2004,2004
1079,985,501,1953,Gd,6,1580,1992,1992
1121,0,440,1121,TA,4,1121,2003,2004
1143,0,852,2473,Gd,8,1143,2004,2005
1057,417,576,1057,TA,5,1057,1962,1962
1110,1097,602,1110,Gd,5,1097,1978,1978
1164,524,671,2270,Gd,8,1152,1999,2007
2018,0,746,2018,Ex,9,2002,2008,2009
672,438,440,1386,TA,6,672,1978,1978
1082,0,1043,1953,Gd,8,1082,2005,2006
1337,733,462,1337,Gd,8,1337,1993,1993
997,0,648,2285,Gd,8,969,2000,2000
1718,1288,826,1718,Gd,8,1705,2007,2008
1086,516,484,1086,TA,5,1024,1966,1966
1555,0,660,1555,Gd,7,1373,2007,2007
1902,1406,567,1902,Ex,7,1902,1959,2002
1298,1216,693,2514,TA,7,1216,1990,1991
1224,1086,528,1224,TA,5,1086,1979,1979
1054,602,460,1054,TA,6,1054,1969,1969
1276,854,676,2612,Gd,8,1225,1998,1999
902,599,288,902,TA,5,876,1967,1967
1153,692,484,2353,Ex,7,845,1980,1980
689,378,299,1392,TA,6,689,1977,1977
1155,899,576,1155,Gd,5,1109,1961,1995
1136,180,240,1904,TA,5,1208,1950,1982
950,0,208,1158,TA,6,862,1929,1950
751,0,502,1362,TA,6,611,1920,1999
1005,0,429,2291,Gd,7,975,1999,1999
649,0,250,1317,TA,4,649,1920,1950
1734,1004,928,1734,Ex,8,1734,2007,2007
1194,0,312,1194,TA,6,1194,1959,1959
876,0,720,1416,TA,5,876,1915,1950
1383,1064,354,1383,TA,5,1383,1954,1954
1001,284,871,2002,TA,5,1001,1949,1950
1496,0,474,1496,Gd,8,1496,2007,2007
984,408,660,1604,TA,5,984,1941,1960
764,0,504,764,TA,5,680,1925,2004
977,0,476,1732,Gd,6,741,1985,1985
1494,0,840,1494,Gd,7,1494,2006,2007
986,0,180,986,TA,6,960,1926,1950
1145,16,397,1145,Gd,7,1145,2005,2006
742,0,0,1484,TA,6,742,1914,2001
1344,111,525,1344,Gd,6,819,1958,1958
958,0,686,1539,Gd,5,650,1904,2002
1134,0,656,2504,Ex,9,1122,2005,2007
747,0,528,747,TA,4,600,1926,1953
1108,975,583,2097,Gd,7,1108,1998,1998
3138,2260,884,4676,Ex,10,3138,2007,2008
786,0,624,1176,TA,6,698,1937,2000
720,495,0,720,TA,4,720,1920,1950
1580,0,830,1580,Gd,8,1580,2007,2008
1440,1440,0,1440,TA,4,1440,1977,1977
738,193,540,1476,Gd,6,738,2005,2005
1500,20,570,1500,Gd,7,1500,2004,2004
884,0,216,1348,TA,5,884,1925,1997
1200,661,884,1200,Gd,5,864,1965,1998
1394,609,514,1394,TA,6,1394,1963,1963
800,400,484,1632,Gd,6,800,1966,2000
912,842,336,912,TA,5,912,1967,1967
1370,1128,864,2624,TA,6,1370,1918,1950
1696,0,349,1696,TA,5,1140,1962,1962
682,0,440,1230,TA,5,440,1910,1981
1549,297,440,2727,Gd,8,853,1932,1994
728,0,429,1456,TA,6,728,2006,2006
864,375,660,864,Gd,4,864,1970,1970
970,0,380,1709,Gd,6,970,2004,2006
810,643,528,1665,Gd,8,810,2001,2001
1372,987,656,2646,Gd,7,1347,1993,1993
798,0,595,1640,Gd,7,798,2003,2003
1014,440,420,1699,TA,3,978,1900,1970
1663,1116,529,1663,Gd,4,1364,1954,1994
1728,1332,504,1728,TA,5,1728,1963,1963
1055,0,462,1845,Gd,6,1055,1992,1992
1020,536,440,1851,Gd,6,822,1964,1993
1489,0,776,1489,Gd,8,1489,2006,2006
864,612,300,864,TA,6,864,1959,1959
1256,830,276,1256,TA,5,1256,1965,1965
816,816,816,816,TA,5,816,1982,2003
902,454,492,1820,Gd,7,864,1965,1988
912,48,833,2127,Gd,7,1104,1991,1991
1065,0,461,1065,TA,5,1065,1960,1960
1200,0,312,1200,TA,6,1200,1923,1950
1208,686,632,1208,Gd,7,1187,2006,2006
1133,0,642,2482,Gd,8,1094,2005,2006
1720,919,527,1720,Gd,7,1720,1996,1996
840,116,0,840,TA,5,672,1930,1950
1294,1200,496,1294,Gd,6,1278,1991,1991
1090,980,450,1090,TA,5,1090,2005,2006
1165,0,420,2263,Gd,8,1141,1998,1998
969,716,440,969,TA,5,969,1975,1975
894,0,1248,894,TA,3,894,1935,1950
1028,0,360,1028,TA,5,1008,1927,1950
979,484,492,1958,TA,6,979,1946,1950
1795,0,895,1795,Gd,8,1795,2006,2007
1940,1646,606,1940,Ex,9,1930,2009,2010
1178,1084,439,1178,Gd,5,1176,1973,2000
810,156,400,1482,Fa,6,672,1925,1950
1428,0,554,1428,Ex,7,1417,2008,2008
864,460,338,864,TA,5,864,1972,1972
616,236,200,1111,TA,5,616,1941,1950
680,310,420,1470,TA,6,680,1993,1993
1116,0,440,1116,TA,6,1116,1962,1962
864,414,288,864,Gd,6,864,1959,1959
1297,1213,498,1297,TA,5,1297,1954,1990
1113,607,264,1113,Gd,5,1113,1950,2007
1501,679,577,1501,Gd,7,1490,1999,1999
764,24,614,1547,Gd,7,756,2009,2009
991,222,678,1947,Gd,7,991,2004,2005
1717,0,908,1717,Gd,8,1709,2006,2006
1052,504,440,1052,TA,6,1010,1971,1971
1127,862,455,2013,TA,7,1117,1996,1997
1266,0,388,1266,Gd,7,1266,2007,2007
1992,240,716,2868,Ex,9,1992,2005,2006
980,300,554,2256,Gd,7,952,2000,2000
1414,24,494,1414,Gd,7,1414,2004,2004
936,814,471,1721,Gd,6,928,1994,1994
811,550,434,1552,TA,6,713,1975,1975
698,0,528,1128,TA,4,698,1920,1950
1118,522,358,1118,TA,6,1096,1977,1977
1728,936,574,1728,TA,6,1728,1976,1976
1686,1361,711,2448,Gd,8,1629,1994,2005
1473,1324,452,1473,Ex,5,1437,1968,2003
1187,902,400,1717,Gd,7,1156,1990,1991
1166,655,400,1166,Gd,7,856,2005,2005
1370,24,484,1370,Gd,8,1370,2006,2006
1724,528,480,1724,TA,6,1680,1967,1976
970,0,380,1709,Gd,7,970,2004,2004
483,358,264,987,TA,6,483,1971,1971
901,352,216,1802,TA,7,793,1920,1950
1170,503,360,2345,TA,6,952,1932,1950
1068,663,264,1068,TA,6,1059,1963,2003
1617,165,533,1617,Gd,6,1604,1993,1994
1244,777,336,1244,TA,6,1244,1957,1957
1180,0,252,1180,Fa,4,700,1922,1950
520,0,480,1223,Gd,7,600,2005,2005
1686,625,612,1686,TA,6,1686,1980,1980
1646,1513,800,1646,Gd,8,1638,2007,2008
1144,594,264,1144,TA,5,864,1961,1983
939,0,639,1797,Gd,7,939,2006,2006
1224,0,462,1224,TA,4,0,1962,1962
992,735,839,1865,Gd,7,992,2000,2000
1056,846,308,1056,TA,5,1056,1958,1992
1966,0,820,3140,Ex,9,1926,2008,2009
1212,506,492,1212,TA,6,506,1977,1995
1694,1369,636,1694,Gd,8,1686,2004,2005
802,714,413,1511,TA,6,802,1997,1997
1057,731,246,1057,Gd,5,1057,1953,2007
1246,0,560,2290,TA,4,777,1885,1950
1377,1002,786,2183,Gd,7,1204,1988,1988
1699,1470,594,3222,Gd,7,1673,1990,1990
909,0,512,1716,Gd,7,880,1996,1996
1342,251,457,1342,TA,6,1372,1967,1967
1504,16,437,1504,Gd,7,1346,2005,2006
1053,0,648,1992,Gd,8,1053,2003,2004
624,510,462,1252,Gd,7,600,1999,2000
999,588,264,999,Gd,5,999,1962,2001
741,0,528,1363,TA,4,622,1910,1950
1165,312,490,1165,TA,6,1127,1966,1966
1668,1059,702,1668,Gd,9,1626,2002,2002
1158,0,853,2376,Gd,8,1158,2005,2006
889,0,352,1440,TA,5,540,1900,1950
794,182,388,1470,TA,6,794,1997,1997
1541,1201,532,1541,Gd,7,1541,2005,2005
1440,133,0,1440,Fa,4,1440,1955,1955
1146,786,438,1146,Gd,7,868,2003,2003
1494,437,481,1494,Ex,8,1494,1995,1996
1462,1170,738,2224,Ex,9,1462,2004,2005
820,0,186,1343,TA,5,731,1921,1950
1210,281,683,2452,Gd,8,1028,1998,1999
1127,442,540,1977,TA,6,816,1964,1978
1064,495,504,1767,Gd,7,1064,1987,1987
1324,863,550,1324,Gd,8,1324,2006,2006
912,0,330,1458,TA,6,912,1948,1950
1314,24,440,1314,Gd,6,1314,2006,2006
1575,430,529,1575,Gd,6,1575,1992,1992
1620,1022,912,1620,Ex,9,1620,2007,2008
1104,0,304,1788,TA,4,1104,1957,1989
913,187,240,913,TA,6,814,1966,1966
2073,790,500,2073,TA,6,1542,1978,1988
764,0,492,1441,Gd,8,776,1999,2000
815,0,225,1690,TA,7,815,1916,1950
1437,988,576,1437,TA,5,1188,1956,1987
2156,297,508,2156,TA,7,1568,1968,2003
864,468,0,864,TA,5,864,1925,1950
536,129,336,1112,TA,5,536,1976,1976
1122,700,746,2243,Gd,7,700,1990,1991
810,0,210,1328,TA,4,686,1925,1950
968,0,216,968,TA,4,656,1927,2007
698,0,384,1396,TA,6,698,1915,2003
1856,1445,834,1856,Ex,9,1856,2010,2010
1610,1288,789,2161,Ex,8,1582,2007,2007
1602,1246,529,1602,Gd,6,1602,1977,2000
630,0,280,1302,TA,5,630,1971,1971
807,457,393,1509,Gd,6,783,2002,2003
912,737,352,912,TA,5,912,1962,1962
1004,399,420,1664,TA,6,1004,1947,1950
1390,423,576,1694,TA,6,1181,1925,1950
747,0,220,747,TA,4,747,1945,1950
1040,0,420,1040,TA,4,0,1950,1950
831,0,493,1660,Gd,7,831,2002,2002
1026,218,308,1691,Gd,5,1026,1924,1950
864,398,720,864,Gd,5,864,1950,2002
752,623,264,752,TA,6,744,1984,1984
963,361,564,1792,Gd,7,963,2001,2001
764,0,474,1626,Gd,7,764,2003,2003
1484,428,472,1484,Ex,8,1476,2006,2006
1675,0,870,3493,Gd,7,1470,1880,2002
1652,1572,840,1652,Ex,9,1652,2006,2007
1276,0,350,1276,TA,5,1276,1958,1958
1112,120,271,1668,TA,6,856,1950,2005
720,0,0,1192,TA,4,720,1949,1950
884,747,504,884,Gd,5,840,1983,1983
1180,1065,454,2062,TA,7,1157,1988,1989
827,0,392,827,TA,5,0,1955,2007
1136,0,532,2019,Gd,7,728,1910,1993
616,0,336,1304,TA,5,264,1976,1976
684,0,216,1368,TA,6,684,1910,1993
840,0,379,1605,TA,3,840,1915,1950
2020,1436,900,2020,Ex,10,2006,2009,2009
625,0,528,1250,Gd,7,625,2006,2007
1624,1456,757,1624,Gd,8,1624,1994,1995
845,565,360,845,TA,4,845,1982,2006
1389,1071,418,1389,TA,5,1389,1974,1975
968,0,480,968,TA,5,968,1923,2006
546,0,286,1092,TA,4,546,1970,1970
848,685,420,848,Gd,6,848,2003,2004
1269,374,308,1269,TA,5,1269,1960,1960
1092,170,288,1092,TA,5,1092,1962,1962
1468,795,539,2263,Gd,7,795,1977,1994
952,228,283,952,TA,4,952,1956,1956
736,0,0,1452,TA,4,736,1920,2008
1039,841,504,1039,TA,5,1039,1965,1965
1204,866,412,1204,TA,6,1204,1998,1998
1117,422,672,1117,TA,6,1029,1976,1976
2196,485,701,2196,Gd,7,2158,1990,1991
985,595,328,985,TA,5,985,1977,1977
1629,1124,880,1629,Gd,8,3206,2003,2004
877,0,216,1477,TA,7,861,1928,1950
980,560,484,980,TA,5,980,1977,1977
1166,728,590,2295,Gd,7,1095,1992,2000
900,0,180,1502,Gd,6,602,1923,1996
1575,0,432,2201,Gd,6,697,1966,1966
1050,789,836,2078,Ex,8,1034,2007,2008
800,0,0,800,Fa,2,264,1936,1950
1578,0,840,1578,Ex,8,1573,2008,2009
1932,1336,774,1932,Ex,8,1932,2008,2008
1507,666,404,1507,TA,5,1075,1960,1960
900,450,280,900,TA,5,882,1967,1967
1718,1172,786,1718,Ex,10,1700,2006,2007
1089,0,240,1750,Ex,5,636,1880,1991
1383,719,834,2398,Gd,7,1379,1996,1997
774,0,680,1968,Ex,8,774,2009,2010
1536,810,532,1536,Gd,7,1536,2002,2003
864,203,200,864,TA,3,864,1914,1950
3228,1231,546,3228,Gd,8,3200,1992,1993
1518,1351,670,2149,Gd,7,1434,2003,2003
1320,0,864,2640,Gd,7,1240,1880,2003
1682,0,530,1682,TA,7,1304,1970,1970
1038,0,878,2098,Ex,8,1030,2005,2005
864,553,360,864,TA,5,864,1965,1965
1168,562,530,1968,TA,5,784,1969,1969
1097,338,480,1097,TA,6,1040,1984,1985
684,0,528,1196,Gd,6,684,1920,2000
1252,57,451,1920,Gd,5,1052,1958,1958
1728,231,576,1728,TA,5,1728,1965,1965
1128,804,577,2031,Gd,8,1128,2002,2002
1196,616,297,1196,TA,6,1196,1956,1956
803,116,360,803,TA,5,720,1941,1950
780,493,462,1620,TA,5,780,1969,1969
2097,1721,1134,2097,Ex,8,2077,2005,2006
1869,0,617,1869,Ex,9,1869,2007,2007
956,0,431,1886,Gd,7,930,1998,1999
480,50,308,480,TA,2,480,1949,1950
1296,0,516,1296,TA,4,0,1967,1967
816,690,288,816,TA,4,816,1938,1958
1601,704,478,1601,TA,7,1271,1978,1978
962,0,451,1792,TA,6,936,2000,2000
1352,1012,796,2520,Gd,8,1338,1993,1993
1144,748,796,1144,TA,5,1144,1959,1959
990,0,621,2601,TA,5,612,1921,1998
972,0,312,1577,Fa,6,972,1939,1950
970,630,624,970,TA,5,970,1963,1963
2036,1236,513,2036,TA,7,2136,1965,1965
1026,439,440,1026,Gd,6,1026,1969,2005
698,0,0,698,TA,5,698,1947,2008
1533,655,576,1533,Gd,7,1533,1975,1975
854,360,660,1382,TA,5,720,1941,1950
1391,16,530,1391,Gd,7,1391,2004,2004
1078,49,240,1078,Gd,5,1078,1950,1996
1296,1005,471,1296,Gd,8,1267,2001,2002
1442,608,301,1442,TA,6,1442,1958,1958
1024,0,0,1964,TA,5,940,1911,1950
1502,0,644,1502,Gd,7,1502,2009,2009
1392,1040,458,1392,TA,6,1392,1957,1957
1768,0,0,1768,TA,4,1768,1968,1968
1582,812,390,1582,TA,5,1624,1964,1964
958,498,301,958,TA,6,958,1960,1998
894,777,600,894,TA,5,894,1972,1972
1224,883,402,1224,TA,6,1224,1999,1999
1742,1280,846,2332,Ex,10,1682,2007,2008
1269,24,430,1269,Gd,8,1256,2004,2005
1776,80,712,1776,Gd,8,1732,2006,2007
728,0,390,1456,Gd,6,728,2005,2006
1194,655,539,1194,TA,6,655,1959,1959
1008,643,240,1008,Gd,5,1008,1953,2006
1555,16,430,1555,Gd,7,1373,2005,2006
892,0,180,1784,TA,5,747,1914,1950
1108,0,280,1108,Gd,7,637,1930,1950
754,0,400,1394,Gd,5,384,2006,2007
980,394,496,1714,TA,7,980,1988,1988
882,0,294,882,TA,5,0,1959,1959
1306,0,0,1306,Fa,3,728,1940,1966
626,0,288,1217,TA,6,626,1980,1980
990,495,299,990,TA,5,990,1994,1994
1132,0,691,2452,Gd,8,1117,2004,2005
848,685,420,848,Gd,6,848,2003,2003
697,551,300,1369,TA,6,672,1925,1950
1218,27,676,1218,Gd,6,1218,2009,2009
1423,0,672,2555,TA,6,588,1922,1994
1247,1039,550,1247,Gd,8,1247,2005,2005
1542,896,619,2872,TA,6,1330,1977,1995
1652,1480,482,1652,Gd,8,1600,2008,2008
1844,705,546,1844,TA,6,1844,1977,1977
1113,341,689,1971,Gd,7,1113,2005,2005
1007,0,463,1800,TA,6,982,2000,2000
1062,750,574,1949,Gd,7,1050,1993,1994
630,150,0,630,TA,4,630,1972,1972
1494,922,530,1494,Gd,7,1494,2002,2002
600,0,0,968,TA,3,600,1910,1950
1274,925,508,1274,Gd,7,1274,2005,2007
1520,674,364,1520,TA,6,1156,1955,1972
1285,0,528,1285,TA,6,660,1977,1977
807,0,393,1509,Gd,7,783,2003,2003
1142,0,550,1935,TA,7,793,1976,1976
816,816,0,816,TA,6,816,1990,1990
1200,833,555,1200,Gd,7,1176,2003,2003
997,0,548,1470,TA,4,941,1954,1972
1656,639,528,1656,TA,6,1080,1960,1960
792,0,240,792,Gd,5,768,1924,2006
1694,0,818,1694,Gd,8,1694,2007,2007
1800,1274,765,1800,Gd,8,1800,2002,2002
1422,0,560,2337,TA,5,662,1900,1950
1168,196,315,1846,TA,6,1040,1949,1950
1026,505,576,1026,TA,6,940,1978,1978
904,0,408,904,TA,5,876,1966,1966
1126,936,484,1126,TA,5,1126,1977,1977
1136,970,872,2468,Gd,8,1136,2004,2004
988,938,540,988,TA,6,938,1969,1969
1052,1016,288,1052,TA,5,1052,1968,1968
572,0,0,1096,TA,6,572,1924,1950
1141,0,484,1141,TA,6,1141,2005,2005
1012,247,484,1790,TA,6,732,1972,1972
1004,668,660,1852,Gd,8,1004,1999,2000
520,490,0,754,TA,6,520,1935,1982
624,0,513,1344,TA,5,624,1916,1950
2207,912,576,2207,TA,7,1947,1970,1989
1307,0,360,2358,TA,6,907,1908,1997
1175,575,831,2715,Gd,8,1142,1976,1996
1364,659,484,1364,Gd,7,1364,2005,2005
1253,0,402,1253,TA,7,1237,1995,1996
1328,569,528,1328,TA,6,1328,1963,1963
1422,0,286,1422,TA,5,978,1960,1978
1186,454,486,1986,TA,7,768,1965,1990
952,0,192,952,Fa,6,952,1916,1950
1660,1220,500,1660,Gd,8,1660,2006,2006
2234,1904,1166,2234,Ex,9,2216,2008,2009
790,384,160,790,TA,6,768,1930,1950
1340,24,396,1340,Gd,7,1340,2007,2007
1610,1200,480,1610,Gd,6,1610,1977,2001
1361,498,600,2620,TA,5,1361,1977,1977
1248,16,438,1248,Gd,7,1248,2005,2006
912,832,288,912,Gd,6,912,1961,1996
943,828,472,1638,TA,6,943,1998,1998
1622,1159,1356,1622,TA,4,1249,1961,1975
1436,774,180,2320,Gd,6,1028,1945,2002
1144,572,456,1144,TA,5,1144,1961,1961
848,182,281,1520,TA,5,793,1932,2000
1516,196,472,1516,TA,6,1516,1964,1964
1498,0,675,1498,Gd,7,1498,2006,2006
804,690,560,1961,Gd,6,804,2001,2002
728,0,440,1456,Gd,7,728,2006,2006
1207,0,349,2403,TA,7,1032,1940,1950
1944,1274,708,1944,Ex,9,1896,2003,2004
1368,0,474,1368,Gd,7,1368,2005,2006
882,633,588,1790,Gd,7,873,1999,1999
1476,1330,858,2713,Ex,9,1452,2008,2008
720,0,312,1271,TA,5,720,1948,1950
1872,929,604,1872,TA,7,1845,1988,1988
1190,828,577,2090,Gd,7,1190,1984,1984
882,706,546,1796,TA,6,794,1998,1998
1302,0,436,1302,Gd,7,1302,2007,2007
2524,1104,542,2524,Gd,8,2524,1981,1981
840,315,338,1374,TA,4,840,1920,1950
764,567,474,1626,Gd,7,764,2003,2004
735,0,240,1034,TA,5,735,1940,1950
1518,1218,588,1518,Ex,8,1518,2003,2004
1226,224,240,1818,TA,7,1040,1931,1950
1661,0,598,1661,Gd,7,1649,1998,1998
1096,297,432,1991,TA,6,854,1932,1950
832,624,324,1482,TA,7,650,1920,1988
1742,1148,564,1742,Gd,8,1742,1985,1985
686,0,280,1250,Fa,5,686,1918,1950
816,0,528,1176,TA,6,816,1934,1950
927,789,506,1915,Gd,8,908,1992,1992
1192,388,240,1595,TA,6,940,1940,2000
1661,831,377,1661,Gd,6,992,1955,1996
832,544,552,1935,TA,8,832,2009,2009
1795,0,534,1795,Gd,8,1777,2002,2002
847,0,434,1928,Gd,7,847,2003,2004
1159,673,336,1159,TA,5,1051,1968,1968
855,311,440,1456,TA,6,855,1978,1978
1137,341,431,1954,Gd,7,798,1939,2006
2028,1460,880,2028,Gd,8,1868,2005,2006
2898,1165,665,2898,Gd,8,1565,1976,1976
814,533,663,1674,Gd,7,814,2000,2000
974,212,0,974,TA,5,974,1991,1992
1091,932,586,1989,Gd,8,1065,2002,2002
1080,50,678,2097,Gd,7,1080,1993,1993
1442,0,500,1442,TA,7,1424,1990,1990
1130,821,720,1130,TA,5,1120,1920,1950
1133,329,240,1820,TA,7,1026,1925,1950
1378,0,583,2119,TA,6,689,1972,1972
1264,0,666,2576,Ex,8,1234,2006,2006
780,0,0,1020,TA,5,780,1875,1996
1095,0,779,1774,TA,4,1095,1900,1950
904,350,0,904,Fa,1,683,1922,1950
673,641,490,1382,Gd,7,673,2000,2000
1518,0,840,3608,Ex,10,1107,1892,1993
1178,0,205,2210,Fa,6,1008,1880,1950
806,0,373,1572,TA,6,806,1995,1996
1824,1219,739,1824,Gd,7,1643,1971,2002
1056,775,304,1056,TA,5,1056,1968,1968
949,392,392,1221,TA,5,784,1924,1950
1362,288,504,1362,TA,6,1362,1961,1961
848,697,420,848,Gd,6,848,2004,2004
1434,20,527,1434,Gd,7,1454,2001,2001
1208,664,628,1208,Gd,7,1208,2007,2007
1096,626,566,1466,Gd,5,796,1936,1989
1987,1314,691,1987,Gd,8,1986,1994,1994
1325,1173,983,2418,Gd,7,1311,1993,1994
1314,904,626,1314,Gd,7,1314,2007,2008
970,0,380,1709,Gd,7,970,2004,2004
672,0,0,1218,TA,6,672,1971,1971
1440,256,0,3395,Fa,6,1440,1914,1995
1200,1200,0,1200,TA,5,1200,1987,1988
912,111,297,912,TA,5,912,1958,1985
2444,1455,832,4316,Ex,10,2444,1994,1995
856,706,548,1710,Gd,7,856,2003,2003
1234,0,656,2374,Ex,8,1181,2003,2004
860,275,234,1564,Fa,7,704,1941,1950
1466,176,528,1466,Fa,5,1466,1959,1959
1383,565,292,1383,TA,6,1383,1960,1960
1535,0,410,1535,TA,5,0,1979,1979
990,716,576,990,TA,5,990,1995,1995
918,364,240,1646,TA,7,918,1941,1950
908,0,440,1928,Fa,6,1020,1910,1950
1040,315,550,1725,TA,7,539,1979,1979
2129,700,541,2872,Gd,8,1683,1992,2000
1092,500,576,2112,TA,6,952,1969,1969
757,672,240,1324,TA,4,672,1936,1950
520,0,480,1200,Gd,7,600,2005,2005
672,456,468,1344,TA,5,672,1920,1997
840,0,500,1668,Gd,7,840,2003,2003
1040,0,400,1040,TA,3,0,1950,1950
900,234,576,900,Gd,5,900,1951,2000
1559,338,812,1559,TA,5,1559,1948,1973
948,492,248,948,TA,4,864,1954,1954
923,543,264,923,TA,6,923,1980,1980
1552,24,782,1552,Gd,7,1552,2005,2006
961,216,642,1717,Gd,7,756,1915,1970
1721,570,440,1721,TA,5,1461,1968,1993
483,330,264,987,TA,6,483,1973,1973
1200,334,521,1200,Gd,6,1200,1995,1995
1148,292,281,1716,TA,5,768,1949,2008
894,553,336,894,TA,5,894,1965,2009
1771,0,336,1771,TA,5,0,1960,2006
1173,885,528,1173,Gd,7,1053,1974,1974
1287,72,576,1287,Gd,5,1063,1959,2006
1382,547,459,1382,TA,4,1051,1963,1979
1214,565,721,2520,Gd,7,1203,1995,1995
1215,585,297,1215,TA,6,1215,1958,1998
1203,740,844,2526,Gd,8,1165,1994,1994
600,0,480,1200,Gd,7,600,2004,2005
1728,1606,560,1728,TA,5,1728,1976,1976
902,0,480,1710,TA,7,576,1921,1950
1407,1074,870,2392,Gd,8,1396,1997,1998
1014,402,457,1744,Gd,7,996,1993,2003
822,0,562,1665,Gd,7,813,2007,2007
1282,984,792,2696,Ex,7,1264,2007,2007
864,616,528,864,TA,4,864,1971,1971
672,344,234,672,TA,4,672,1941,1950
1320,328,564,1320,TA,5,1164,1966,1966
958,120,440,958,TA,6,1078,1976,1976
1710,0,550,1710,Gd,7,1710,2004,2005
1265,633,502,1265,Gd,5,1219,1965,1999
1456,0,400,1456,Gd,8,1273,2003,2003
1067,0,576,1539,TA,5,927,1936,1950
1959,0,766,1959,TA,7,1907,1988,1989
1008,0,0,1522,TA,5,1008,1926,1950
1124,0,0,1124,TA,5,0,1954,1954
1107,859,484,2090,TA,7,1107,1973,1973
1214,698,461,1214,TA,5,1214,1965,1965
1779,306,454,1779,TA,5,1763,1955,1974
1629,1300,808,1629,Gd,8,1616,2002,2003
1554,24,627,1554,Gd,8,1554,2006,2006
993,0,642,2236,Gd,7,964,1997,1997
796,0,0,796,TA,4,796,1922,1950
840,0,308,1680,TA,6,840,1915,1976
848,686,420,848,Gd,6,848,2003,2003
1142,874,528,1142,TA,5,1142,1976,1976
1252,429,564,1252,TA,6,1602,1960,1975
1684,28,564,1684,Ex,9,1684,2005,2005
2000,1464,888,2000,Gd,8,2000,2004,2005
1616,0,834,1616,Gd,7,1616,2005,2005
1299,990,531,1872,Ex,8,1299,2001,2001
1042,0,225,1576,TA,5,1042,1928,1950
1175,421,575,1982,Gd,7,807,1989,1989
988,534,276,988,TA,5,876,1950,1950
1844,976,620,1844,Gd,8,1844,2005,2006
1258,656,528,1258,Gd,6,1258,1971,2004
1288,786,500,1288,Ex,8,1260,1996,1996
1634,0,866,1634,Gd,8,1626,2006,2006
855,257,440,1322,TA,6,855,1974,1974
707,0,403,1414,Gd,8,707,2004,2004
1504,690,478,1504,Gd,7,1504,1996,1996
1670,0,690,1670,Gd,7,1670,2006,2006
1516,125,518,2167,Gd,7,1192,1974,2003
1069,559,440,1069,TA,6,1069,1977,1977
1072,547,525,1072,TA,6,547,2005,2006
1572,1159,995,1572,TA,5,1572,1963,1963
1188,1088,456,1869,TA,5,1088,1890,1996
882,0,0,882,TA,4,882,1956,1956
1922,1249,676,1922,Gd,9,1922,2005,2006
780,632,352,780,TA,5,780,1972,1972
1021,0,300,1601,TA,5,533,1958,1987
1530,1274,430,1530,Gd,7,1530,2005,2005
833,625,0,833,TA,5,833,1985,1985
679,331,308,1183,TA,3,649,1948,2002
1040,659,260,1040,TA,5,1040,1962,2010
1466,1150,1052,2828,Gd,8,1466,2006,2007
1032,280,288,1252,TA,6,1032,1950,1950
1246,340,305,1246,Gd,5,1246,1959,1994
904,0,180,904,TA,6,884,1926,2004
966,686,416,1652,TA,5,686,1915,1950
1036,375,288,1268,TA,5,832,1949,1950
1172,0,342,1913,TA,6,896,1928,1950
1358,733,484,1358,Gd,7,1358,2009,2010
1657,1237,484,1657,TA,6,1657,1970,1970
838,210,275,838,Fa,6,816,1918,2000
1022,772,390,2060,Gd,7,992,1999,1999
764,573,474,1626,Gd,7,764,2003,2004
663,371,299,1352,TA,6,663,1969,1969
968,368,240,1376,TA,5,768,1941,1950
849,326,240,1660,TA,6,715,1934,1995
616,0,432,1412,Gd,6,616,2006,2007
756,0,216,1469,TA,6,756,1906,1995
774,0,400,1430,TA,7,384,2000,2000
1094,500,495,1094,TA,6,1094,1953,1953
1826,1422,758,1826,Gd,8,1814,2005,2006
672,0,576,924,TA,5,672,1949,2006
1502,368,528,1502,Gd,8,1488,1985,1985
616,462,603,1688,Gd,6,616,1997,1997
1262,905,572,1262,Gd,6,1262,2006,2006
1905,0,788,1905,Ex,9,1905,2006,2006
1153,252,541,2031,Gd,7,1153,1998,1999
1350,0,478,1350,TA,6,1064,1974,1974
941,483,613,1829,Gd,7,941,2003,2003
965,641,300,965,TA,5,828,1965,1965
672,348,280,924,Fa,4,672,1941,1950
1055,0,905,2263,Gd,8,1055,2001,2002
1236,626,540,2108,Gd,6,1127,1935,1986
1242,916,528,1242,TA,7,1242,1973,1973
989,0,240,1573,Gd,4,884,1935,1995
884,0,434,2035,Gd,7,884,2001,2001
1232,660,516,1232,TA,6,1232,1984,1984
1098,403,483,1964,TA,7,803,1976,1976
792,0,0,1140,TA,4,576,1910,2004
894,702,450,894,Gd,5,894,1967,2003
1512,619,619,2654,Gd,6,1054,1968,1984
768,660,396,768,TA,5,768,1972,2003
672,0,0,912,TA,4,0,1947,1950
1040,650,504,2080,Fa,5,1040,1969,1969
1040,732,576,1040,Gd,5,1040,1996,1996
1149,370,216,1616,Gd,6,1149,1926,2004
1047,0,273,1047,TA,4,641,1885,1995
1803,168,484,1803,TA,5,1134,1957,2000
832,0,528,832,Gd,6,832,1954,1954
894,180,384,894,TA,5,894,1966,1966
596,0,189,1192,TA,5,596,1920,1950
1850,1261,772,1850,Gd,9,1833,2004,2005
899,450,288,899,Gd,5,864,1967,2004
892,340,264,892,TA,5,864,1966,1966
1260,1046,506,2291,TA,6,1214,1910,1998
1075,0,360,2138,TA,5,849,1898,1965
926,0,470,1604,TA,6,926,1997,1998
887,0,422,2021,Gd,7,868,2006,2006
938,280,308,938,TA,5,938,1975,1980
912,0,216,1426,Gd,7,912,1918,1998
928,220,400,1920,TA,5,928,1948,1950
1098,902,260,1098,TA,5,1098,1955,1955
729,0,0,729,TA,3,270,1935,2003
1252,0,528,1252,Gd,6,1252,1959,1959
1584,0,792,1584,TA,5,1584,1967,1967
1506,0,592,1506,Ex,9,1498,2008,2008
1709,1238,506,1709,Gd,9,1698,1999,2000
1092,895,299,1092,TA,5,1092,1957,1957
1746,1320,758,1746,Ex,9,1746,2006,2007
1304,603,667,2287,TA,7,1304,1953,1953
789,0,200,789,TA,5,768,1926,1950
1041,991,270,1041,TA,5,1041,1959,1959
993,0,431,1908,Gd,8,967,2002,2002
1010,0,390,2267,Gd,6,1010,2002,2002
875,209,180,875,TA,5,715,1931,1993
1526,383,364,1526,TA,5,1216,1957,2002
1567,1567,714,1567,Gd,6,1567,1977,1977
1734,0,1020,2822,Ex,9,1734,2008,2009
689,141,360,1378,Gd,7,689,1928,2005
1281,0,368,1738,TA,4,715,1920,2007
1164,831,521,2060,TA,6,1151,1988,1989
1128,812,286,1128,TA,5,936,1954,1954
840,0,440,1720,Gd,7,840,2004,2004
1050,504,338,1050,TA,5,1050,1956,1956
1114,814,576,1114,Gd,6,1114,2003,2004
1053,567,750,1053,Ex,5,1008,1958,1991
1593,1153,682,1593,Ex,8,1593,2001,2002
1214,695,318,1214,TA,5,1214,1967,1967
816,641,264,816,Gd,5,816,1982,2008
1535,0,400,1535,TA,5,0,1979,1979
1360,1036,795,3112,Gd,8,1360,1918,1990
1079,0,685,1919,Gd,8,1079,2006,2006
1097,0,672,1097,TA,5,1097,1994,1995
983,660,423,1750,TA,6,983,1940,1985
483,0,288,987,TA,6,483,1972,1972
981,282,576,981,TA,6,981,1971,1971
1700,1018,447,1700,Gd,5,1398,1959,1959
816,708,308,816,TA,5,816,1957,1957
944,666,622,1840,Gd,7,944,2001,2001
1291,837,576,2521,TA,6,942,1973,1973
1002,828,902,1002,TA,5,1002,1970,1970
841,0,294,841,TA,4,721,1950,1950
996,747,564,996,Gd,6,936,1992,1992
1713,1088,856,1713,Ex,8,1713,2004,2005
1412,1005,576,1412,Gd,6,1392,1988,1988
1236,600,923,1236,TA,6,912,1957,1996
1040,633,648,1040,TA,4,1064,1963,1963
1616,1180,608,1616,Gd,8,1595,1995,1996
1414,528,601,1414,TA,6,1184,1958,2002
975,649,576,1950,Gd,7,975,1997,1998
1086,320,490,1086,TA,5,1086,1954,2003
1072,1309,528,1576,Gd,5,1324,1923,2004
768,619,624,768,TA,5,768,1970,1970
1381,982,676,1381,Gd,6,1161,1972,2006
1284,0,647,2169,Gd,8,1284,2002,2002
720,0,287,720,TA,3,0,1949,1950
1584,493,520,2792,TA,6,1510,1920,1950
936,0,576,936,TA,4,936,1953,1953
1181,920,588,1181,TA,4,1138,1972,1972
1689,0,954,1689,Gd,7,1689,2007,2007
948,732,280,948,TA,4,948,1954,1954
756,420,440,1512,Gd,6,756,2000,2000
894,492,450,894,TA,5,894,1968,1968
932,822,644,1852,Gd,7,900,2009,2009
845,0,290,845,TA,4,0,1957,1957
774,544,0,774,Gd,3,544,1931,2006
2053,816,666,3238,Gd,8,2033,1995,1996
1232,724,632,1232,Gd,7,1232,2007,2007
1164,0,528,1164,TA,7,1164,1969,1969
912,324,160,1248,TA,5,912,1930,1950
1687,353,572,1687,TA,5,747,1948,1950
860,625,440,1960,Gd,6,860,2002,2002
546,273,286,1092,TA,4,546,1970,1970
894,552,400,894,TA,4,894,1954,1954
1479,1013,558,1479,Gd,7,1453,2003,2003
1060,188,270,1060,Gd,5,1060,1968,2001
1436,946,484,1436,Gd,7,1436,2004,2004
1044,0,504,1044,Fa,5,540,1952,1952
880,390,320,1768,TA,7,880,1914,1970
816,538,432,816,TA,6,816,1930,2007
774,250,400,1430,TA,7,384,2000,2000
1867,379,303,1867,TA,5,1617,1955,1993
1500,1070,648,1500,Gd,7,1356,2006,2006
1100,419,312,1100,TA,4,1100,1960,1960
816,546,264,816,TA,5,816,1982,1982
1328,967,308,1328,TA,5,1350,1959,1959
1728,1338,842,2296,Ex,10,1722,2008,2008
864,167,572,864,TA,5,864,1955,1990
1266,0,453,1266,Gd,7,1257,2005,2005
858,614,0,858,TA,4,858,1971,1971
832,426,506,1710,Gd,6,832,1993,1993
772,0,264,1123,TA,4,732,1939,1950
953,0,460,1647,TA,6,953,1999,2000
874,510,288,874,TA,5,864,1968,1968
1788,0,522,1788,Ex,8,1753,2001,2001
1839,1186,416,1839,Gd,6,1477,1957,2004
1088,381,484,1868,Gd,5,780,1976,1976
1712,528,588,1712,TA,5,1626,1959,2005
561,285,462,1229,TA,6,561,1980,1980
1600,0,890,1600,Gd,8,1566,2007,2007
916,0,460,1600,TA,6,916,1997,1997
896,0,240,1344,TA,5,896,1936,1950
1126,767,540,1126,Ex,5,1126,1977,1977
923,658,264,923,TA,5,876,1984,1985
616,616,205,616,TA,5,616,1921,1950
1800,0,0,1800,TA,5,1800,1961,1961
1505,1024,505,1505,TA,6,1505,1953,1953
1647,1283,621,1647,Gd,5,1430,1977,1977
1132,1024,451,1132,Gd,4,1132,2005,2005
928,821,470,1764,Gd,6,928,1997,1997
1088,0,240,1529,TA,4,0,1945,1950
1699,0,336,2447,Gd,6,804,1919,1990
1504,16,457,1504,Gd,7,1346,2005,2006
1163,256,220,1163,TA,3,1162,1955,2005
769,436,440,1525,Gd,6,756,2000,2000
935,560,288,935,TA,5,935,1965,1965
813,0,270,813,Gd,6,813,1930,2005
1112,603,230,2008,Ex,5,896,1948,2002
1532,1085,514,2329,Gd,7,1475,1990,1990
910,420,282,1558,TA,5,910,1950,1950
832,194,528,1664,TA,7,832,1976,1976
2110,1065,522,2110,Ex,7,2110,1968,1968
905,648,684,1786,Gd,6,824,1997,1997
925,548,336,1475,TA,5,757,1977,1977
811,0,256,1387,Gd,5,811,1954,1954
976,0,380,1708,Gd,7,976,2004,2004
1085,600,440,1734,Gd,6,912,1962,1981
1766,664,520,2414,TA,5,954,1900,1970
933,642,493,1908,Gd,7,915,1994,1995
1283,504,506,1283,TA,5,931,1962,1980
1212,0,573,1212,Gd,7,1212,2001,2001
952,0,672,1548,Ex,7,952,1925,2007
980,400,384,980,TA,5,980,1967,1967
1811,296,470,1811,Ex,6,1073,1956,2004
1056,1056,384,1056,TA,4,1056,1966,1966
1234,0,484,1234,Gd,8,1234,2007,2007
630,0,440,1302,TA,5,630,1970,1970
1035,0,0,1406,Fa,6,319,1920,1950
858,685,576,858,TA,5,858,1982,1982
1182,998,736,2324,Ex,9,1175,2005,2006
910,0,414,910,Gd,5,105,1953,1996
798,674,442,1611,TA,6,780,1964,1964
684,0,400,1560,Gd,6,684,2005,2005
2020,0,630,2020,TA,5,0,1977,1977
1338,616,582,1338,Gd,8,1338,2001,2001
1188,593,312,1188,TA,5,1188,1962,1962
1459,0,527,1459,Gd,7,1459,2002,2002
1306,1201,533,2260,Gd,7,1306,1996,1997
1430,0,605,1430,Gd,7,1413,2001,2002
996,290,0,996,TA,5,996,1940,1969
1092,787,504,1092,TA,6,1092,1964,1964
625,0,625,1250,Gd,7,625,2006,2007
864,0,572,1728,Gd,7,864,2004,2004
924,0,280,924,TA,5,924,1975,1975
1199,300,530,1199,Gd,6,1199,1993,1993
948,0,300,948,TA,5,948,1968,1968
925,338,429,925,TA,5,925,1965,1965
835,108,366,835,TA,5,458,1920,1950
1580,0,610,2466,Gd,8,1580,2004,2005
1216,445,487,2157,Gd,7,924,1966,1966
1060,840,572,1060,TA,5,1040,1976,1976
2633,1282,804,2633,Ex,10,2633,2001,2002
1048,0,280,1048,TA,5,993,1922,1950
953,0,460,1664,TA,6,953,2000,2000
784,0,360,784,TA,6,784,1928,1950
1279,641,473,1279,TA,6,1196,1977,1977
1229,1059,284,1229,TA,4,1134,1956,1956
1268,540,244,1268,TA,5,1268,1954,1954
1428,0,480,1428,Gd,7,1428,2007,2008
1125,631,352,1125,TA,6,1041,1976,1976
1008,486,275,1008,TA,5,1008,1954,1954
1630,0,860,1630,Ex,8,1622,2008,2008
864,503,673,1728,Gd,6,864,2003,2003
1211,250,322,1211,TA,5,952,1968,1968
1040,369,286,1040,TA,5,1040,1959,1959
1707,0,511,1707,TA,8,1686,1981,1981
955,0,462,1632,TA,7,935,1998,1998
1392,1302,528,1392,TA,5,1392,1957,1996
1319,428,270,1319,TA,5,608,1953,1953
742,0,390,1484,Gd,6,742,2005,2005
971,523,300,971,TA,5,971,1969,1969
1062,539,539,1062,TA,6,1029,1976,1976
980,945,0,980,TA,6,945,1975,1975
1405,0,478,1405,Gd,7,1405,2003,2003
959,786,472,1671,TA,6,959,2000,2000
1074,788,495,1074,TA,5,1056,1975,1975
1547,0,672,2320,TA,5,0,1948,1950
918,0,264,918,TA,6,918,1979,1979
1437,1157,528,1437,Gd,5,1437,1976,2004
1069,360,440,1069,TA,6,1069,1977,1977
829,298,441,1556,TA,6,727,1968,1968
824,624,510,1894,Gd,7,817,2002,2003
1973,0,895,1973,Gd,8,1935,2006,2006
1898,0,564,2978,Gd,7,710,1967,2007
848,662,420,848,Gd,6,848,2004,2004
804,0,400,1474,TA,7,384,1995,1996
1056,480,260,1056,TA,5,1056,1954,2005
902,301,484,902,TA,5,864,1983,1983
1032,605,564,1032,TA,6,1032,1978,1978
1077,0,338,1077,TA,5,961,1920,1950
1235,600,480,1235,TA,5,1235,1961,1961
1442,738,719,1442,Gd,7,910,1990,1991
483,387,264,987,TA,6,483,1971,1971
1004,975,504,1004,TA,6,975,1977,1977
1006,288,0,1006,TA,5,1006,1959,1959
936,210,0,1716,Fa,5,780,1912,2000
860,0,565,1720,Gd,7,860,2004,2004
960,250,308,960,Fa,4,960,1920,1950
1604,1334,660,1604,Gd,7,1604,2006,2006
2217,351,621,2217,Gd,8,2217,1970,1970
1844,1110,540,1844,Gd,6,1844,1969,1969
799,0,380,1571,TA,6,799,1993,1994
1479,0,577,1479,Gd,7,1468,1999,2000
1619,1249,529,1786,TA,5,1499,1965,1965
1632,620,338,1632,TA,6,1240,1958,1988
866,20,578,1768,Gd,8,866,2007,2007
1096,75,299,1096,TA,5,1096,1969,1969
1236,0,542,2093,TA,7,791,1986,1991
660,512,453,1348,TA,6,660,1966,1966
728,648,410,1456,Gd,7,728,2005,2005
1600,1277,319,1600,TA,5,1484,1957,1997
1700,340,544,1700,Gd,6,1682,2003,2003
808,0,389,1593,TA,6,808,1992,1993
1363,650,288,1363,TA,5,1008,1951,2000
855,311,440,1441,TA,6,855,1978,1978
1710,1400,866,1710,Gd,8,1710,2007,2008
1222,695,463,2110,Gd,7,948,1994,2002
725,533,475,1479,Gd,6,725,1976,2005
767,584,367,767,TA,7,723,1998,1998
664,554,426,1496,Gd,7,654,2006,2006
1567,1154,648,1567,Ex,8,1520,2006,2006
1148,210,308,1148,TA,5,980,1952,1952
1120,0,753,1970,Ex,8,1085,2006,2006
1453,482,750,2810,Gd,8,1453,1990,1990
1470,986,696,2630,Gd,8,1470,1998,1998
1105,443,480,2274,TA,5,1105,1960,1960
1261,662,433,1261,TA,6,1261,1958,1958
1486,637,480,1486,TA,5,1486,1964,1999
773,570,240,773,TA,5,773,1953,1953
1537,0,462,1537,Gd,6,1319,1962,2005
866,0,546,1779,Gd,7,866,1998,1998
1225,569,0,1225,TA,4,950,1959,1959
848,659,420,848,Gd,6,848,2003,2003
780,0,198,1376,TA,6,780,1937,1950
742,381,440,1471,TA,6,729,1999,1999
869,0,0,869,Fa,4,440,1923,1958
729,419,440,1458,TA,6,729,1999,1999
894,762,440,894,TA,5,864,1974,1974
885,0,427,1718,TA,7,832,1998,1998
1701,1390,611,1701,TA,5,1390,1975,1981
864,600,576,864,TA,4,864,1972,1972
1094,0,512,1855,TA,6,528,1976,1994
1651,1398,616,1651,TA,6,1606,1986,1986
612,0,528,1224,Gd,6,612,2009,2009
928,308,288,928,TA,5,928,1957,1957
372,0,0,1092,Fa,4,0,1930,1950
832,16,546,1641,Ex,7,728,1925,1990
708,404,776,1416,TA,6,708,1968,1968
1058,546,736,1904,Ex,8,1058,2005,2005
936,248,308,936,TA,5,936,1956,2000
716,81,452,1556,TA,6,716,1980,1980
864,120,400,864,TA,4,864,1951,1951
1654,986,900,1654,Gd,7,1654,2002,2002
1416,0,576,1416,Gd,5,816,1918,2007
1268,1163,856,2365,Gd,8,1252,1999,1999
1067,442,436,1067,Gd,4,1067,1950,1995
1318,0,539,1902,TA,6,0,1978,1978
1557,0,420,1557,Gd,7,1374,2003,2004
1195,0,486,1839,TA,7,1195,1998,1998
